name,type,
PLH - Activity - Adult01 - Calm - A short pause,1,
PLH - Activity - Adult02 - Active - 2 truths, 1 lie,1,
PLH - Activity - Adult03 - Active - Family work out,1,
PLH - Activity - Adult04 - Active - Crazy chicken,1,
PLH - Activity - Adult06 - Calm - Taking care of yourself,1,
PLH - Activity - Adult07 - Calm - Magical number,1,
PLH - Activity - Adult08 - Active - Relax,1,
PLH - Activity - Adult09 - Active - Stop & listen,1,
PLH - Activity - Adult10 - Calm - Release some energy,1,
PLH - Activity - Adult11 - Calm - Give yourself a hug,1,
PLH - Activity - Baby01 - Active - Mirror game,1,
PLH - Activity - Baby02 - Active - Peek-a-boo!,1,
PLH - Activity - Baby03 - Active - Funny faces,1,
PLH - Activity - Baby04 - Active -  The sun is coming!,1,
PLH - Activity - Baby05 - Active -  Shakers,1,
PLH - Activity - Baby06 - Active -  Musical Toes,1,
PLH - Activity - Baby07 - Active -  Down in a ditch!,1,
PLH - Activity - Baby08 - Active -  Dance party,1,
PLH - Activity - Baby09 - Calm - Lullaby,1,
PLH - Activity - Baby10 - Active - See it Be it,1,
PLH - Activity - Baby11 - Active - Cooking together,1,
PLH - Activity - Baby13 - Calm - At the end of the day,1,
PLH - Activity - Child01 - Active -  Rain on the mountain,1,
PLH - Activity - Child02 - Active -  Dance party,1,
PLH - Activity - Child03 - Calm -  Listening to sounds,1,
PLH - Activity - Child04 - Active -  See it be it,1,
PLH - Activity - Child05 - Calm - Story time,1,
PLH - Activity - Child06 - Active - Superpowers,1,
PLH - Activity - Child07 - Calm -  Three options,1,
PLH - Activity - Child08 - Active - Worms go home,1,
PLH - Activity - Child09 - Active - Crazy chicken,1,
PLH - Activity - Child10 - Calm -  Drawing,1,
PLH - Activity - Child11 - Calm -  Self portrait,1,
PLH - Activity - Child12 - Active -  Transform the object,1,
PLH - Activity - Child13 - Active -  Name that tune,1,
PLH - Activity - Child14 - Calm -  Memory game - ""When COVID-19,1,
PLH - Activity - Child15 - Active -  Dance choreography,1,
PLH - Activity - Child16 - Active -  Mirror,1,
PLH - Activity - Child17 - Active -  Freeze dance,1,
PLH - Activity - Child18 - Active -  Run around and do this,1,
PLH - Activity - Child19 - Active -  Ship to shore,1,
PLH - Activity - Child20 - Active -  Stage Directions,1,
PLH - Activity - Child21 - Calm -  Blind Dragon,1,
PLH - Activity - Child22 - Active - What are you doing?,1,
PLH - Activity - Child23 - Calm - When I was younger,1,
PLH - Activity - Child24 - Calm - Dancing with Angels,1,
PLH - Activity - Child25 - Calm - The Interrupter,1,
PLH - Activity - Child26 - Active - Make housework fun,1,
PLH - Activity - Child27 - Calm - At the end of the day,1,
PLH - Activity - Teen01 - Calm -  2Truths, 1 Lie,1,
PLH - Activity - Teen02 - Calm -  Three options,1,
PLH - Activity - Teen03 - Calm - Yes, No or Maybe,1,
PLH - Activity - Teen04 - Calm - The Interrupter,1,
PLH - Activity - Teen05 - Calm - Superpowers,1,
PLH - Activity - Teen06 - Calm - How was your day?,1,
PLH - Activity - Teen07 - Calm - Dream travel,1,
PLH - Activity - Teen08 - Active - Get Active!,1,
PLH - Activity - Teen09 - Active - Co-chef,1,
PLH - Activity - Teen10 - Active -  What's new?,1,
PLH - Activity - Teen11 - Active -  Dance Choreography,1,
PLH - Activity - Teen12 - Calm -  Mirror,1,
PLH - Activity - Teen13 - Active -  What are you doing?,1,
PLH - Activity - Teen14 - Calm -  Make up a story!,1,
PLH - Activity - Teen15 - Active - Crazy chicken,1,
PLH - Activity - Teen16 - Active - Name that tune,1,
PLH - Activity - Teen17 - Calm - ""When COVID-19 ends..."",1,
PLH - Activity - Teen18 - Active - Pass the snap,1,
PLH - Activity - Teen19 - Calm - Just a friendly chat,1,
PLH - Activity - Teen20 - Active - Make housework fun,1,
PLH - Activity - Teen21 - Calm - At the end of the day,1,
PLH - Content - Positive - Behave reminder,1,
PLH - Content - Positive - Routines part 3 and song,1,
PLH - Content - Relax - CheckIn - Connect,1,
PLH - Content - Relax - CheckIn - List of things,1,
PLH - Content - Relax - CheckIn - Notice how you feel,1,
PLH - Content - Supportive - First message,1,
PLH - Activity - Baby12 - Calm - Book sharing,2,
PLH - Content - Extra - Behave - Crying,2,
PLH - Content - Extra - Behave - Ignore,2,
PLH - Content - Extra - Behave - Praise,2,
PLH - Content - Extra - COVID,2,
PLH - Content - Extra - Disability,2,
PLH - Content - Extra - Education,2,
PLH - Content - Extra - Family,2,
PLH - Content - Positive - Instructions on keeping it positive,2,
PLH - Content - Positive - Safe/unsafe touch,2,
PLH - Content - Relax - CheckIn - Anger management,3,
PLH - Content - Relax - CheckIn - Loving Kindness,3,
PLH - Content - Relax - CheckIn - Quick Pause,3,
PLH - Content - Relax - CheckIn - Three is a magical number,3,
PLH - Content - Extra - Behave - Consequences,4,
PLH - Content - Extra - Behave - Routines,4,
PLH - Content - Positive - Behaviour consequences,5,
PLH - Content - Positive - Book sharing,5,
PLH - Content - Positive - Crisis,5,
PLH - Content - Positive - Crying,5,
PLH - Content - Positive - Education,5,
PLH - Content - Positive - Emotion,5,
PLH - Content - Positive - Family,5,
PLH - Content - Positive - How to Praise (intro),5,
PLH - Content - Positive - Ignore behaviour,5,
PLH - Content - Positive - Online,5,
PLH - Content - Positive - Problem solving,5,
PLH - Content - Positive - Redirect behaviour,5,
PLH - Content - Positive - Routines,5,
PLH - Content - Relax - Introduction,5,
PLH - Activity - Adult05 - Calm - Take a pause,6,
PLH - Content - Extra - Behave - Crisis,6,
PLH - Content - Extra - Behave - Problem solving,6,
PLH - Content - Positive - Introduction,6,
PLH - Content - Positive - Rules,6,
PLH - Content - Relax - Anger management,6,
PLH - Content - Relax - CheckIn - Mindful movement,6,
PLH - Content - Extra - Behave - Be open to emotions,7,
PLH - Content - Extra - Behave - Redirect,8,
PLH - Content - Relax - CheckIn - Anger management 2,9
